{
  "model": "1.4B",
  "n": 100000,
  "mean": 0.0801296875,
  "median": 0.03125,
  "frac_zero": 0.30454,
  "frac_exact_1": 0.00554,
  "frac_ge_0.5": 0.02554,
  "p99": 0.84375
}