{
  "task": "classification",
  "target_col": "label_top_5pct",
  "model_name": "logistic",
  "feature_subset": "token_count_only",
  "n_train": 600,
  "n_val": 200,
  "n_test": 200,
  "n_features_requested": 1,
  "n_features_used": 1,
  "features_used": [
    "n_tokens_target"
  ],
  "features_dropped_all_nan": [],
  "threshold_used": 0.45000000000000007,
  "threshold_selected_on": "val",
  "val_metrics": {
    "n_total": 200,
    "n_positive": 3,
    "n_negative": 197,
    "auroc": 0.6548223350253807,
    "auprc": 0.027134675175912292,
    "precision_at_k": {
      "precision_at_50": 0.02,
      "precision_at_100": 0.03,
      "precision_at_200": 0.015
    },
    "threshold_used": 0.45000000000000007,
    "tp": 3,
    "fp": 96,
    "fn": 0,
    "precision": 0.030303030303030304,
    "recall": 1.0
  },
  "test_metrics": {
    "n_total": 200,
    "n_positive": 13,
    "n_negative": 187,
    "auroc": 0.6536404771698889,
    "auprc": 0.09834141146626053,
    "precision_at_k": {
      "precision_at_50": 0.04,
      "precision_at_100": 0.12,
      "precision_at_200": 0.065
    },
    "threshold_used": 0.45000000000000007,
    "tp": 13,
    "fp": 89,
    "fn": 0,
    "precision": 0.12745098039215685,
    "recall": 1.0
  },
  "trained_at": "2026-04-07T12:34:49.008062Z"
}